Time,Toy Soldier Parachute Drop,Frozen Ever After - Presented by Blue Cross,Big Grizzly Mountain Runaway Mine Cars,Wandering Oaken's Sliding Sleighs,RC Racer,Iron Man Experience - Presented by AIA,Mystic Manor,Hyperspace Mountain
10:00,10.0,5.0,5.0,0.0,10.0,5.0,5.0,5.0
10:01,10.0,5.0,5.0,0.0,10.0,5.0,5.0,5.0
10:02,10.0,5.0,5.0,0.0,10.0,5.0,5.0,5.0
10:03,10.0,5.0,5.0,0.0,10.0,5.0,5.0,5.0
10:04,10.0,5.0,5.0,0.0,10.0,5.0,5.0,5.0
10:05,10.0,5.0,5.0,0.0,10.0,5.0,5.0,5.0
10:06,10.0,5.0,5.0,0.0,10.0,5.0,5.0,5.0
10:07,10.0,5.0,5.0,0.0,10.0,5.0,5.0,5.0
10:08,10.0,5.0,5.0,0.0,10.0,5.0,5.0,5.0
10:09,10.0,5.0,5.0,0.0,10.0,5.0,5.0,5.0
10:10,10.0,5.0,5.0,0.0,10.0,5.0,5.0,5.0
10:11,10.0,5.0,5.0,0.0,10.0,5.0,5.0,5.0
10:12,10.0,5.0,5.0,0.0,10.0,5.0,5.0,5.0
10:13,10.0,5.0,5.0,0.0,10.0,5.0,5.0,5.0
10:14,10.0,5.0,5.0,0.0,10.0,5.0,5.0,5.0
10:15,10.0,5.0,5.0,0.0,10.0,5.0,5.0,5.0
10:16,10.0,5.0,5.0,0.0,10.0,5.0,5.0,5.0
10:17,10.0,5.0,5.0,0.0,10.0,5.0,5.0,5.0
10:18,10.0,5.0,5.0,0.0,10.0,5.0,5.0,5.0
10:19,10.0,5.0,5.0,0.0,10.0,5.0,5.0,5.0
10:20,10.0,5.0,5.0,0.0,10.0,5.0,5.0,5.0
10:21,10.0,5.0,5.0,0.0,10.0,5.0,5.0,5.0
10:22,10.0,5.0,5.0,0.0,10.0,5.0,5.0,5.0
10:23,10.0,5.0,5.0,0.0,10.0,5.0,5.0,5.0
10:24,10.0,5.0,5.0,0.0,10.0,5.0,5.0,5.0
10:25,10.0,5.0,5.0,0.0,10.0,5.0,5.0,5.0
10:26,10.0,5.0,5.0,0.0,10.0,5.0,5.0,5.0
10:27,10.0,5.0,5.0,0.0,10.0,5.0,5.0,5.0
10:28,10.0,5.0,5.0,0.0,10.0,5.0,5.0,5.0
10:29,10.0,5.0,5.0,0.0,10.0,5.0,5.0,5.0
10:30,10.0,5.0,5.0,0.0,10.0,5.0,5.0,5.0
10:31,10.0,5.0,5.0,0.0,10.0,5.0,5.0,5.0
10:32,10.0,5.0,5.0,0.0,10.0,5.0,5.0,5.0
10:33,10.0,5.0,5.0,0.0,10.0,5.0,5.0,5.0
10:34,10.0,5.0,5.0,0.0,10.0,5.0,5.0,5.0
10:35,10.0,5.0,5.0,0.0,10.0,5.0,5.0,5.0
10:36,10.0,5.0,5.0,0.0,10.0,5.0,5.0,5.0
10:37,10.0,5.0,5.0,0.0,10.0,5.0,5.0,5.0
10:38,10.0,5.0,5.0,0.0,10.0,5.0,5.0,5.0
10:39,10.0,5.0,5.0,0.0,10.0,5.0,5.0,5.0
10:40,10.0,5.0,5.0,0.0,10.0,5.0,5.0,5.0
10:41,10.0,5.0,5.0,0.0,10.0,5.0,5.0,5.0
10:42,10.0,5.0,5.0,0.0,10.0,5.0,5.0,5.0
10:43,10.0,5.0,5.0,0.0,10.0,5.0,5.0,5.0
10:44,10.0,5.0,5.0,0.0,10.0,5.0,5.0,5.0
10:45,10.0,5.0,5.0,0.0,10.0,5.0,5.0,5.0
10:46,10.0,5.0,5.0,0.0,10.0,5.0,5.0,5.0
10:47,10.0,5.0,5.0,0.0,10.0,5.0,5.0,5.0
10:48,10.0,5.0,5.0,0.0,10.0,5.0,5.0,5.0
10:49,10.0,5.0,5.0,0.0,10.0,5.0,5.0,5.0
10:50,10.0,5.0,5.0,0.0,10.0,5.0,5.0,5.0
10:51,10.0,5.0,5.0,0.0,10.0,5.0,5.0,5.0
10:52,10.0,5.0,5.0,0.0,10.0,5.0,5.0,5.0
10:53,10.0,5.0,5.0,0.0,10.0,5.0,5.0,5.0
10:54,10.0,5.0,5.0,0.0,10.0,5.0,5.0,5.0
10:55,10.0,5.0,5.0,0.0,10.0,5.0,5.0,5.0
10:56,10.0,5.0,5.0,0.0,10.0,5.0,5.0,5.0
10:57,10.0,5.0,5.0,0.0,10.0,5.0,5.0,5.0
10:58,10.0,5.0,5.0,0.0,10.0,5.0,5.0,5.0
10:59,10.0,5.0,5.0,0.0,10.0,5.0,5.0,5.0
11:00,10.0,5.0,5.0,0.0,10.0,5.0,5.0,5.0
11:01,10.0,5.0,5.0,0.0,10.0,5.0,5.0,5.0
11:02,10.0,5.0,5.0,0.0,10.0,5.0,5.0,5.0
11:03,10.0,5.0,5.0,0.0,10.0,5.0,5.0,5.0
11:04,10.0,5.0,5.0,0.0,10.0,5.0,5.0,5.0
11:05,10.0,5.0,5.0,0.0,10.0,5.0,5.0,5.0
11:06,10.0,5.0,5.0,0.0,10.0,5.0,5.0,5.0
11:07,10.0,5.0,5.0,0.0,10.0,5.0,5.0,5.0
11:08,10.0,5.0,5.0,0.0,10.0,5.0,5.0,5.0
11:09,10.0,5.0,5.0,0.0,10.0,5.0,5.0,5.0
11:10,10.0,5.0,5.0,0.0,10.0,5.0,5.0,5.0
11:11,10.0,5.0,5.0,0.0,10.0,5.0,5.0,5.0
11:12,10.0,5.0,10.0,0.0,10.0,5.0,5.0,5.0
11:13,10.0,5.0,10.0,0.0,10.0,5.0,5.0,5.0
11:14,10.0,5.0,15.0,0.0,10.0,5.0,5.0,5.0
11:15,10.0,5.0,15.0,0.0,10.0,5.0,5.0,5.0
11:16,10.0,5.0,20.0,0.0,10.0,5.0,5.0,5.0
11:17,10.0,5.0,20.0,0.0,10.0,5.0,5.0,5.0
11:18,10.0,5.0,20.0,5.0,10.0,5.0,5.0,5.0
11:19,10.0,5.0,20.0,5.0,10.0,5.0,5.0,5.0
11:20,10.0,5.0,20.0,10.0,10.0,5.0,5.0,5.0
11:21,10.0,5.0,20.0,10.0,10.0,5.0,5.0,5.0
11:22,10.0,5.0,20.0,10.0,10.0,5.0,5.0,5.0
11:23,10.0,5.0,20.0,10.0,10.0,5.0,5.0,5.0
11:24,10.0,5.0,20.0,10.0,10.0,5.0,5.0,5.0
11:25,10.0,5.0,20.0,10.0,10.0,5.0,5.0,5.0
11:26,10.0,5.0,20.0,10.0,10.0,5.0,5.0,5.0
11:27,10.0,5.0,20.0,10.0,10.0,5.0,5.0,5.0
11:28,10.0,5.0,20.0,10.0,10.0,5.0,5.0,5.0
11:29,10.0,5.0,20.0,10.0,10.0,5.0,5.0,5.0
11:30,10.0,5.0,20.0,10.0,10.0,5.0,5.0,5.0
11:31,10.0,5.0,20.0,10.0,10.0,5.0,5.0,5.0
11:32,10.0,5.0,20.0,10.0,10.0,5.0,5.0,5.0
11:33,10.0,5.0,20.0,10.0,10.0,5.0,5.0,5.0
11:34,10.0,5.0,20.0,10.0,10.0,5.0,5.0,5.0
11:35,10.0,5.0,20.0,10.0,10.0,5.0,5.0,5.0
11:36,10.0,5.0,20.0,10.0,10.0,5.0,5.0,5.0
11:37,10.0,5.0,20.0,10.0,10.0,5.0,5.0,5.0
11:38,10.0,5.0,20.0,10.0,10.0,5.0,5.0,5.0
11:39,10.0,5.0,20.0,10.0,10.0,5.0,5.0,5.0
11:40,10.0,5.0,20.0,10.0,10.0,5.0,5.0,5.0
11:41,10.0,5.0,20.0,10.0,10.0,5.0,5.0,5.0
11:42,10.0,5.0,20.0,10.0,10.0,5.0,5.0,5.0
11:43,10.0,5.0,20.0,10.0,10.0,5.0,10.0,5.0
11:44,10.0,5.0,20.0,10.0,10.0,5.0,10.0,5.0
11:45,10.0,5.0,20.0,10.0,10.0,5.0,10.0,5.0
11:46,15.0,5.0,20.0,10.0,10.0,5.0,10.0,5.0
11:47,15.0,5.0,20.0,10.0,10.0,5.0,10.0,5.0
11:48,20.0,5.0,20.0,10.0,10.0,5.0,10.0,5.0
11:49,25.0,5.0,20.0,10.0,10.0,5.0,15.0,5.0
11:50,25.0,5.0,20.0,10.0,10.0,5.0,15.0,5.0
11:51,30.0,5.0,20.0,10.0,10.0,5.0,15.0,5.0
11:52,30.0,5.0,20.0,10.0,10.0,5.0,15.0,5.0
11:53,30.0,5.0,20.0,10.0,10.0,5.0,15.0,5.0
11:54,30.0,5.0,20.0,10.0,10.0,5.0,15.0,5.0
11:55,30.0,5.0,20.0,10.0,10.0,5.0,15.0,5.0
11:56,30.0,5.0,20.0,10.0,10.0,5.0,15.0,5.0
11:57,35.0,5.0,20.0,10.0,10.0,5.0,15.0,5.0
11:58,35.0,5.0,20.0,10.0,15.0,5.0,15.0,5.0
11:59,40.0,5.0,20.0,10.0,15.0,5.0,15.0,5.0
12:00,40.0,5.0,20.0,10.0,20.0,5.0,15.0,5.0
12:01,40.0,5.0,20.0,10.0,20.0,5.0,15.0,5.0
12:02,40.0,5.0,20.0,10.0,20.0,5.0,15.0,5.0
12:03,40.0,5.0,20.0,10.0,20.0,5.0,15.0,5.0
12:04,40.0,5.0,20.0,10.0,20.0,5.0,15.0,5.0
12:05,40.0,5.0,20.0,10.0,20.0,5.0,15.0,5.0
12:06,40.0,5.0,20.0,10.0,20.0,5.0,15.0,5.0
12:07,40.0,5.0,20.0,10.0,20.0,5.0,15.0,5.0
12:08,40.0,5.0,20.0,10.0,20.0,5.0,15.0,5.0
12:09,40.0,5.0,20.0,10.0,20.0,5.0,15.0,5.0
12:10,40.0,5.0,20.0,10.0,20.0,5.0,15.0,5.0
12:11,40.0,5.0,20.0,10.0,20.0,5.0,15.0,5.0
12:12,40.0,5.0,20.0,10.0,20.0,5.0,15.0,5.0
12:13,35.0,5.0,20.0,10.0,20.0,5.0,15.0,5.0
12:14,30.0,5.0,20.0,10.0,20.0,5.0,15.0,5.0
12:15,30.0,5.0,20.0,10.0,20.0,5.0,15.0,5.0
12:16,30.0,5.0,20.0,10.0,20.0,5.0,15.0,5.0
12:17,30.0,5.0,20.0,10.0,20.0,5.0,15.0,5.0
12:18,30.0,5.0,20.0,10.0,20.0,5.0,15.0,5.0
12:19,30.0,5.0,20.0,10.0,20.0,5.0,15.0,5.0
12:20,30.0,5.0,20.0,10.0,20.0,5.0,15.0,5.0
12:21,30.0,5.0,20.0,10.0,20.0,5.0,15.0,5.0
12:22,35.0,5.0,20.0,10.0,20.0,5.0,15.0,5.0
12:23,40.0,5.0,20.0,10.0,20.0,5.0,10.0,5.0
12:24,45.0,5.0,20.0,10.0,20.0,5.0,10.0,5.0
12:25,50.0,5.0,20.0,10.0,20.0,5.0,10.0,5.0
12:26,50.0,5.0,20.0,10.0,20.0,5.0,10.0,5.0
12:27,50.0,5.0,20.0,10.0,20.0,5.0,10.0,5.0
12:28,50.0,5.0,20.0,10.0,20.0,5.0,10.0,5.0
12:29,50.0,5.0,20.0,10.0,20.0,5.0,10.0,5.0
12:30,50.0,5.0,20.0,10.0,20.0,5.0,10.0,5.0
12:31,50.0,5.0,20.0,10.0,20.0,5.0,10.0,5.0
12:32,50.0,5.0,20.0,10.0,20.0,5.0,10.0,5.0
12:33,50.0,5.0,20.0,10.0,20.0,5.0,10.0,5.0
12:34,50.0,5.0,20.0,10.0,20.0,5.0,10.0,5.0
12:35,50.0,5.0,20.0,10.0,20.0,5.0,10.0,5.0
12:36,50.0,5.0,20.0,10.0,20.0,5.0,10.0,5.0
12:37,50.0,5.0,20.0,10.0,20.0,5.0,10.0,5.0
12:38,50.0,5.0,20.0,10.0,20.0,5.0,10.0,5.0
12:39,50.0,5.0,20.0,10.0,20.0,5.0,10.0,5.0
12:40,50.0,5.0,20.0,10.0,20.0,5.0,10.0,5.0
12:41,50.0,5.0,20.0,10.0,20.0,5.0,10.0,5.0
12:42,50.0,5.0,20.0,10.0,20.0,5.0,10.0,5.0
12:43,50.0,5.0,20.0,10.0,20.0,5.0,10.0,5.0
12:44,50.0,5.0,20.0,15.0,20.0,5.0,10.0,5.0
12:45,50.0,5.0,20.0,15.0,20.0,5.0,10.0,5.0
12:46,50.0,5.0,20.0,15.0,20.0,5.0,10.0,5.0
12:47,50.0,5.0,20.0,15.0,20.0,5.0,10.0,5.0
12:48,50.0,5.0,20.0,15.0,25.0,5.0,10.0,5.0
12:49,50.0,5.0,20.0,15.0,25.0,5.0,10.0,5.0
12:50,50.0,5.0,20.0,15.0,30.0,5.0,10.0,5.0
12:51,50.0,5.0,20.0,15.0,30.0,5.0,10.0,5.0
12:52,50.0,5.0,20.0,15.0,30.0,5.0,10.0,5.0
12:53,50.0,5.0,20.0,15.0,30.0,5.0,10.0,5.0
12:54,50.0,5.0,20.0,15.0,30.0,5.0,10.0,5.0
12:55,50.0,5.0,20.0,15.0,30.0,5.0,10.0,5.0
12:56,50.0,5.0,20.0,15.0,30.0,5.0,10.0,5.0
12:57,45.0,5.0,20.0,15.0,30.0,5.0,10.0,5.0
12:58,40.0,5.0,20.0,15.0,30.0,5.0,10.0,5.0
12:59,30.0,5.0,20.0,15.0,30.0,5.0,10.0,5.0
13:00,25.0,5.0,20.0,15.0,30.0,5.0,10.0,5.0
13:01,20.0,5.0,20.0,15.0,30.0,5.0,10.0,5.0
13:02,20.0,5.0,20.0,15.0,30.0,5.0,10.0,5.0
13:03,20.0,5.0,20.0,15.0,30.0,5.0,10.0,5.0
13:04,20.0,5.0,20.0,15.0,30.0,5.0,10.0,5.0
13:05,20.0,5.0,20.0,15.0,30.0,5.0,10.0,5.0
13:06,20.0,5.0,20.0,15.0,30.0,5.0,10.0,5.0
13:07,20.0,5.0,20.0,15.0,30.0,5.0,10.0,5.0
13:08,20.0,5.0,20.0,15.0,30.0,5.0,10.0,5.0
13:09,20.0,5.0,20.0,15.0,30.0,5.0,10.0,5.0
13:10,20.0,5.0,20.0,15.0,30.0,5.0,10.0,5.0
13:11,20.0,5.0,20.0,15.0,30.0,5.0,10.0,5.0
13:12,20.0,5.0,20.0,15.0,30.0,5.0,10.0,5.0
13:13,20.0,5.0,20.0,10.0,30.0,5.0,10.0,5.0
13:14,20.0,5.0,20.0,10.0,30.0,5.0,10.0,5.0
13:15,20.0,5.0,20.0,10.0,30.0,5.0,10.0,5.0
13:16,20.0,5.0,20.0,10.0,30.0,5.0,10.0,5.0
13:17,20.0,5.0,20.0,10.0,30.0,5.0,10.0,5.0
13:18,20.0,5.0,20.0,10.0,30.0,5.0,10.0,5.0
13:19,20.0,5.0,20.0,10.0,30.0,5.0,10.0,5.0
13:20,20.0,5.0,20.0,10.0,30.0,5.0,10.0,5.0
13:21,20.0,5.0,20.0,10.0,30.0,5.0,10.0,5.0
13:22,20.0,5.0,20.0,10.0,30.0,5.0,10.0,5.0
13:23,20.0,5.0,20.0,10.0,30.0,5.0,10.0,5.0
13:24,20.0,5.0,20.0,10.0,30.0,5.0,10.0,5.0
13:25,20.0,5.0,20.0,10.0,30.0,5.0,10.0,5.0
13:26,20.0,5.0,20.0,10.0,30.0,5.0,10.0,5.0
13:27,20.0,5.0,20.0,10.0,30.0,5.0,10.0,5.0
13:28,20.0,5.0,20.0,10.0,30.0,5.0,10.0,5.0
13:29,20.0,5.0,20.0,10.0,30.0,5.0,10.0,5.0
13:30,20.0,5.0,20.0,10.0,30.0,5.0,10.0,5.0
13:31,20.0,5.0,20.0,10.0,30.0,5.0,10.0,5.0
13:32,15.0,5.0,20.0,10.0,30.0,5.0,10.0,5.0
13:33,15.0,5.0,20.0,10.0,30.0,5.0,10.0,5.0
13:34,15.0,5.0,20.0,10.0,30.0,5.0,10.0,5.0
13:35,15.0,5.0,20.0,10.0,30.0,5.0,10.0,5.0
13:36,15.0,5.0,20.0,10.0,30.0,5.0,10.0,5.0
13:37,15.0,5.0,20.0,10.0,30.0,5.0,10.0,5.0
13:38,15.0,5.0,20.0,10.0,30.0,5.0,10.0,5.0
13:39,15.0,5.0,20.0,10.0,30.0,5.0,10.0,5.0
13:40,15.0,5.0,20.0,10.0,30.0,5.0,10.0,5.0
13:41,15.0,5.0,20.0,10.0,30.0,5.0,10.0,5.0
13:42,15.0,5.0,20.0,10.0,30.0,5.0,10.0,5.0
13:43,15.0,5.0,20.0,10.0,30.0,5.0,10.0,5.0
13:44,15.0,5.0,20.0,10.0,30.0,5.0,10.0,5.0
13:45,15.0,5.0,20.0,10.0,30.0,5.0,10.0,5.0
13:46,15.0,5.0,20.0,10.0,30.0,5.0,10.0,5.0
13:47,15.0,5.0,20.0,10.0,30.0,5.0,10.0,5.0
13:48,15.0,5.0,20.0,10.0,30.0,5.0,10.0,5.0
13:49,15.0,5.0,20.0,10.0,30.0,5.0,10.0,5.0
13:50,15.0,5.0,20.0,10.0,30.0,5.0,10.0,5.0
13:51,15.0,5.0,20.0,10.0,30.0,5.0,10.0,5.0
13:52,15.0,5.0,20.0,10.0,30.0,5.0,10.0,5.0
13:53,15.0,5.0,20.0,10.0,30.0,5.0,10.0,5.0
13:54,15.0,5.0,20.0,10.0,30.0,5.0,10.0,5.0
13:55,15.0,5.0,20.0,10.0,30.0,5.0,10.0,5.0
13:56,15.0,5.0,20.0,10.0,30.0,5.0,10.0,5.0
13:57,15.0,5.0,20.0,10.0,30.0,5.0,10.0,5.0
13:58,15.0,5.0,20.0,10.0,30.0,5.0,10.0,5.0
13:59,15.0,5.0,20.0,10.0,30.0,5.0,10.0,5.0
14:00,15.0,5.0,20.0,10.0,30.0,5.0,10.0,5.0
14:01,15.0,5.0,20.0,10.0,30.0,5.0,10.0,5.0
14:02,15.0,5.0,20.0,10.0,30.0,5.0,10.0,5.0
14:03,15.0,5.0,20.0,10.0,30.0,5.0,10.0,5.0
14:04,15.0,5.0,20.0,10.0,30.0,5.0,10.0,5.0
14:05,15.0,5.0,20.0,10.0,30.0,5.0,10.0,5.0
14:06,15.0,5.0,20.0,10.0,30.0,5.0,10.0,5.0
14:07,15.0,5.0,20.0,10.0,30.0,5.0,10.0,5.0
14:08,15.0,5.0,20.0,10.0,30.0,5.0,10.0,5.0
14:09,15.0,5.0,20.0,10.0,30.0,5.0,10.0,5.0
14:10,15.0,5.0,20.0,10.0,30.0,5.0,10.0,5.0
14:11,15.0,5.0,20.0,10.0,30.0,5.0,10.0,5.0
14:12,15.0,5.0,20.0,10.0,30.0,5.0,10.0,5.0
14:13,15.0,5.0,20.0,10.0,30.0,5.0,10.0,5.0
14:14,15.0,5.0,20.0,10.0,30.0,5.0,10.0,5.0
14:15,15.0,5.0,20.0,10.0,30.0,5.0,10.0,5.0
14:16,15.0,5.0,20.0,10.0,30.0,5.0,10.0,5.0
14:17,15.0,5.0,20.0,10.0,30.0,5.0,10.0,5.0
14:18,15.0,5.0,20.0,10.0,30.0,5.0,10.0,5.0
14:19,15.0,5.0,20.0,10.0,30.0,5.0,10.0,5.0
14:20,15.0,5.0,20.0,10.0,30.0,5.0,10.0,5.0
14:21,15.0,5.0,20.0,10.0,30.0,5.0,10.0,5.0
14:22,15.0,5.0,20.0,10.0,30.0,5.0,10.0,5.0
14:23,15.0,5.0,20.0,10.0,30.0,5.0,10.0,5.0
14:24,15.0,5.0,20.0,10.0,30.0,5.0,10.0,5.0
14:25,15.0,5.0,20.0,10.0,30.0,5.0,10.0,5.0
14:26,15.0,5.0,20.0,10.0,30.0,5.0,10.0,5.0
14:27,15.0,5.0,20.0,10.0,25.0,5.0,10.0,5.0
14:28,15.0,5.0,20.0,10.0,25.0,5.0,10.0,5.0
14:29,15.0,5.0,20.0,10.0,25.0,5.0,10.0,5.0
14:30,15.0,5.0,20.0,10.0,25.0,5.0,10.0,5.0
14:31,10.0,5.0,15.0,10.0,25.0,5.0,10.0,5.0
14:32,10.0,5.0,15.0,10.0,25.0,5.0,10.0,5.0
14:33,10.0,5.0,15.0,10.0,25.0,5.0,10.0,5.0
14:34,10.0,5.0,15.0,10.0,25.0,5.0,10.0,5.0
14:35,10.0,5.0,15.0,10.0,25.0,5.0,10.0,5.0
14:36,10.0,5.0,15.0,10.0,25.0,5.0,10.0,5.0
14:37,10.0,5.0,15.0,10.0,25.0,5.0,10.0,5.0
14:38,10.0,5.0,15.0,10.0,25.0,5.0,10.0,5.0
14:39,10.0,5.0,15.0,10.0,25.0,5.0,10.0,5.0
14:40,10.0,5.0,15.0,10.0,25.0,5.0,10.0,5.0
14:41,10.0,5.0,15.0,10.0,25.0,5.0,10.0,5.0
14:42,10.0,5.0,15.0,10.0,25.0,5.0,10.0,5.0
14:43,10.0,5.0,15.0,10.0,25.0,5.0,10.0,5.0
14:44,10.0,5.0,15.0,10.0,25.0,5.0,10.0,5.0
14:45,10.0,5.0,15.0,10.0,25.0,5.0,10.0,5.0
14:46,10.0,5.0,15.0,10.0,25.0,5.0,10.0,5.0
14:47,10.0,5.0,15.0,10.0,25.0,5.0,10.0,5.0
14:48,10.0,10.0,15.0,10.0,20.0,5.0,10.0,5.0
14:49,10.0,10.0,15.0,10.0,20.0,5.0,10.0,5.0
14:50,10.0,15.0,15.0,10.0,20.0,5.0,10.0,5.0
14:51,10.0,15.0,15.0,10.0,20.0,5.0,10.0,5.0
14:52,10.0,15.0,15.0,10.0,20.0,5.0,10.0,5.0
14:53,10.0,15.0,15.0,10.0,20.0,5.0,10.0,5.0
14:54,10.0,15.0,15.0,10.0,20.0,5.0,10.0,10.0
14:55,10.0,15.0,15.0,10.0,20.0,5.0,10.0,10.0
14:56,10.0,15.0,15.0,10.0,20.0,5.0,10.0,10.0
14:57,10.0,15.0,15.0,10.0,20.0,5.0,10.0,10.0
14:58,10.0,15.0,15.0,10.0,20.0,5.0,10.0,10.0
14:59,10.0,15.0,10.0,10.0,20.0,5.0,10.0,10.0
15:00,10.0,15.0,10.0,10.0,20.0,5.0,10.0,10.0
15:01,10.0,15.0,10.0,10.0,20.0,5.0,10.0,10.0
15:02,10.0,15.0,10.0,10.0,20.0,5.0,10.0,10.0
15:03,10.0,15.0,10.0,10.0,20.0,5.0,10.0,10.0
15:04,10.0,15.0,10.0,10.0,20.0,5.0,10.0,15.0
15:05,10.0,15.0,10.0,10.0,20.0,5.0,10.0,15.0
15:06,10.0,15.0,10.0,10.0,20.0,5.0,10.0,15.0
15:07,10.0,15.0,10.0,5.0,20.0,5.0,10.0,15.0
15:08,10.0,15.0,10.0,5.0,20.0,5.0,10.0,15.0
15:09,10.0,15.0,10.0,5.0,20.0,5.0,10.0,15.0
15:10,10.0,15.0,10.0,5.0,15.0,5.0,10.0,15.0
15:11,10.0,15.0,10.0,5.0,15.0,5.0,10.0,15.0
15:12,10.0,15.0,10.0,5.0,15.0,5.0,10.0,15.0
15:13,10.0,15.0,10.0,5.0,15.0,5.0,10.0,15.0
15:14,10.0,15.0,10.0,5.0,15.0,5.0,10.0,15.0
15:15,10.0,15.0,10.0,5.0,15.0,5.0,10.0,15.0
15:16,10.0,15.0,10.0,5.0,15.0,5.0,10.0,15.0
15:17,10.0,15.0,10.0,5.0,15.0,5.0,10.0,15.0
15:18,10.0,15.0,10.0,5.0,15.0,5.0,10.0,15.0
15:19,10.0,15.0,10.0,5.0,15.0,5.0,10.0,15.0
15:20,10.0,15.0,10.0,5.0,15.0,5.0,10.0,15.0
15:21,10.0,15.0,10.0,5.0,15.0,5.0,10.0,15.0
15:22,10.0,15.0,10.0,5.0,15.0,5.0,10.0,15.0
15:23,15.0,15.0,10.0,5.0,15.0,5.0,10.0,15.0
15:24,15.0,15.0,10.0,5.0,15.0,5.0,10.0,15.0
15:25,20.0,15.0,10.0,5.0,15.0,5.0,10.0,15.0
15:26,20.0,15.0,10.0,5.0,15.0,5.0,10.0,15.0
15:27,25.0,15.0,5.0,5.0,15.0,5.0,10.0,15.0
15:28,30.0,15.0,5.0,5.0,15.0,5.0,10.0,15.0
15:29,30.0,15.0,5.0,5.0,15.0,5.0,10.0,15.0
15:30,35.0,15.0,5.0,5.0,15.0,5.0,10.0,15.0
15:31,40.0,15.0,5.0,5.0,10.0,5.0,10.0,15.0
15:32,40.0,15.0,5.0,5.0,10.0,5.0,10.0,15.0
15:33,40.0,15.0,5.0,5.0,10.0,5.0,10.0,15.0
15:34,40.0,15.0,5.0,5.0,10.0,5.0,10.0,15.0
15:35,40.0,15.0,5.0,5.0,10.0,5.0,10.0,15.0
15:36,40.0,15.0,5.0,5.0,10.0,5.0,10.0,15.0
15:37,40.0,15.0,5.0,5.0,10.0,5.0,10.0,15.0
15:38,40.0,15.0,5.0,5.0,10.0,5.0,10.0,15.0
15:39,40.0,15.0,5.0,5.0,10.0,5.0,15.0,15.0
15:40,40.0,15.0,5.0,5.0,10.0,5.0,15.0,15.0
15:41,40.0,15.0,5.0,5.0,10.0,5.0,15.0,15.0
15:42,40.0,15.0,5.0,5.0,10.0,5.0,20.0,15.0
15:43,40.0,15.0,5.0,5.0,10.0,10.0,20.0,15.0
15:44,40.0,15.0,5.0,5.0,10.0,10.0,25.0,15.0
15:45,40.0,15.0,5.0,5.0,10.0,15.0,25.0,15.0
15:46,40.0,15.0,5.0,5.0,10.0,15.0,30.0,15.0
15:47,40.0,15.0,5.0,5.0,10.0,15.0,30.0,15.0
15:48,40.0,15.0,10.0,5.0,10.0,15.0,30.0,15.0
15:49,40.0,15.0,10.0,5.0,10.0,15.0,30.0,15.0
15:50,40.0,15.0,15.0,5.0,10.0,15.0,30.0,15.0
15:51,40.0,15.0,15.0,5.0,10.0,15.0,30.0,15.0
15:52,40.0,15.0,15.0,5.0,10.0,15.0,25.0,15.0
15:53,40.0,15.0,15.0,5.0,10.0,15.0,25.0,15.0
15:54,40.0,15.0,15.0,5.0,10.0,20.0,20.0,15.0
15:55,40.0,15.0,15.0,5.0,10.0,20.0,20.0,15.0
15:56,40.0,15.0,15.0,5.0,10.0,20.0,15.0,15.0
15:57,40.0,15.0,15.0,5.0,10.0,20.0,15.0,15.0
15:58,40.0,15.0,15.0,5.0,10.0,20.0,15.0,15.0
15:59,40.0,15.0,15.0,5.0,10.0,20.0,15.0,15.0
16:00,40.0,15.0,15.0,5.0,10.0,20.0,15.0,15.0
16:01,40.0,15.0,15.0,5.0,10.0,20.0,15.0,15.0
16:02,40.0,15.0,15.0,5.0,10.0,20.0,15.0,15.0
16:03,40.0,15.0,15.0,5.0,10.0,20.0,15.0,15.0
16:04,40.0,15.0,15.0,5.0,10.0,15.0,15.0,15.0
16:05,40.0,15.0,15.0,5.0,10.0,15.0,15.0,15.0
16:06,40.0,15.0,15.0,5.0,10.0,15.0,15.0,15.0
16:07,40.0,15.0,15.0,10.0,10.0,15.0,15.0,15.0
16:08,40.0,15.0,15.0,15.0,15.0,15.0,15.0,15.0
16:09,40.0,15.0,15.0,15.0,15.0,10.0,15.0,15.0
16:10,40.0,15.0,15.0,20.0,20.0,10.0,15.0,15.0
16:11,40.0,15.0,15.0,25.0,20.0,10.0,15.0,15.0
16:12,40.0,15.0,15.0,25.0,20.0,10.0,15.0,15.0
16:13,40.0,15.0,15.0,25.0,25.0,10.0,15.0,15.0
16:14,40.0,15.0,15.0,25.0,30.0,10.0,15.0,15.0
16:15,40.0,15.0,15.0,25.0,30.0,10.0,15.0,15.0
16:16,40.0,15.0,15.0,25.0,30.0,10.0,15.0,15.0
16:17,40.0,15.0,15.0,25.0,30.0,10.0,15.0,15.0
16:18,40.0,15.0,15.0,25.0,30.0,10.0,15.0,15.0
16:19,40.0,15.0,15.0,25.0,30.0,10.0,15.0,15.0
16:20,40.0,15.0,15.0,25.0,30.0,10.0,15.0,15.0
16:21,40.0,15.0,15.0,25.0,30.0,10.0,15.0,15.0
16:22,40.0,15.0,15.0,25.0,30.0,10.0,15.0,15.0
16:23,40.0,15.0,15.0,25.0,30.0,10.0,15.0,10.0
16:24,40.0,15.0,15.0,25.0,30.0,10.0,15.0,10.0
16:25,40.0,15.0,15.0,25.0,30.0,10.0,15.0,5.0
16:26,40.0,15.0,15.0,25.0,30.0,10.0,15.0,5.0
16:27,40.0,15.0,15.0,25.0,30.0,10.0,15.0,5.0
16:28,45.0,15.0,15.0,25.0,30.0,10.0,15.0,5.0
16:29,45.0,15.0,15.0,25.0,30.0,10.0,15.0,5.0
16:30,50.0,15.0,15.0,25.0,30.0,10.0,15.0,5.0
16:31,50.0,15.0,15.0,25.0,30.0,10.0,15.0,5.0
16:32,50.0,15.0,20.0,25.0,30.0,10.0,15.0,5.0
16:33,50.0,15.0,20.0,25.0,30.0,10.0,15.0,5.0
16:34,50.0,15.0,25.0,25.0,30.0,10.0,15.0,5.0
16:35,50.0,15.0,30.0,25.0,30.0,10.0,15.0,5.0
16:36,50.0,15.0,30.0,25.0,30.0,10.0,15.0,5.0
16:37,50.0,15.0,35.0,25.0,30.0,10.0,15.0,5.0
16:38,50.0,15.0,40.0,25.0,30.0,10.0,15.0,5.0
16:39,50.0,15.0,40.0,25.0,30.0,10.0,15.0,5.0
16:40,50.0,15.0,40.0,25.0,30.0,10.0,15.0,5.0
16:41,50.0,15.0,45.0,25.0,30.0,10.0,15.0,5.0
16:42,50.0,15.0,45.0,25.0,30.0,10.0,15.0,5.0
16:43,50.0,15.0,45.0,20.0,30.0,10.0,15.0,5.0
16:44,50.0,15.0,45.0,20.0,30.0,10.0,15.0,5.0
16:45,50.0,15.0,45.0,20.0,30.0,10.0,15.0,5.0
16:46,50.0,15.0,45.0,20.0,30.0,10.0,15.0,5.0
16:47,50.0,15.0,45.0,20.0,35.0,10.0,15.0,5.0
16:48,50.0,15.0,45.0,20.0,35.0,10.0,15.0,5.0
16:49,50.0,15.0,45.0,20.0,35.0,10.0,15.0,5.0
16:50,50.0,15.0,45.0,20.0,40.0,10.0,15.0,5.0
16:51,50.0,15.0,45.0,20.0,40.0,10.0,15.0,5.0
16:52,50.0,15.0,40.0,20.0,40.0,10.0,15.0,5.0
16:53,45.0,15.0,40.0,20.0,40.0,10.0,15.0,5.0
16:54,40.0,15.0,35.0,20.0,40.0,10.0,10.0,5.0
16:55,40.0,15.0,35.0,20.0,40.0,10.0,10.0,5.0
16:56,40.0,15.0,30.0,20.0,40.0,10.0,10.0,5.0
16:57,40.0,15.0,30.0,20.0,40.0,10.0,10.0,5.0
16:58,40.0,15.0,30.0,20.0,35.0,10.0,10.0,5.0
16:59,40.0,15.0,30.0,20.0,35.0,10.0,10.0,5.0
17:00,40.0,15.0,30.0,20.0,30.0,10.0,10.0,5.0
17:01,40.0,15.0,30.0,20.0,30.0,10.0,10.0,5.0
17:02,40.0,15.0,30.0,20.0,30.0,10.0,10.0,5.0
17:03,40.0,15.0,30.0,20.0,30.0,10.0,10.0,5.0
17:04,40.0,15.0,30.0,20.0,30.0,10.0,10.0,5.0
17:05,40.0,15.0,30.0,20.0,30.0,10.0,10.0,5.0
17:06,40.0,15.0,30.0,20.0,30.0,10.0,10.0,5.0
17:07,40.0,15.0,30.0,20.0,30.0,10.0,10.0,5.0
17:08,40.0,15.0,30.0,20.0,30.0,10.0,10.0,5.0
17:09,40.0,15.0,30.0,20.0,30.0,10.0,10.0,5.0
17:10,40.0,15.0,30.0,20.0,30.0,10.0,10.0,5.0
17:11,40.0,15.0,30.0,20.0,30.0,10.0,10.0,5.0
17:12,40.0,15.0,30.0,20.0,30.0,10.0,10.0,5.0
17:13,40.0,15.0,30.0,20.0,30.0,10.0,10.0,5.0
17:14,40.0,15.0,30.0,20.0,30.0,10.0,10.0,5.0
17:15,40.0,15.0,30.0,20.0,30.0,10.0,10.0,5.0
17:16,40.0,15.0,30.0,20.0,30.0,10.0,10.0,5.0
17:17,40.0,15.0,30.0,20.0,30.0,10.0,10.0,5.0
17:18,35.0,15.0,30.0,15.0,30.0,10.0,10.0,5.0
17:19,35.0,15.0,30.0,15.0,30.0,10.0,10.0,5.0
17:20,30.0,15.0,30.0,10.0,30.0,10.0,10.0,5.0
17:21,30.0,15.0,30.0,10.0,30.0,10.0,10.0,5.0
17:22,30.0,15.0,30.0,10.0,30.0,10.0,10.0,5.0
17:23,30.0,15.0,30.0,10.0,30.0,10.0,10.0,5.0
17:24,30.0,15.0,30.0,10.0,30.0,10.0,5.0,5.0
17:25,30.0,15.0,30.0,10.0,30.0,10.0,5.0,5.0
17:26,30.0,15.0,30.0,10.0,30.0,10.0,5.0,5.0
17:27,30.0,15.0,30.0,10.0,30.0,10.0,5.0,5.0
17:28,30.0,15.0,30.0,10.0,30.0,10.0,5.0,5.0
17:29,30.0,15.0,30.0,10.0,30.0,10.0,5.0,5.0
17:30,30.0,15.0,30.0,10.0,30.0,10.0,5.0,5.0
17:31,30.0,15.0,30.0,10.0,30.0,10.0,5.0,5.0
17:32,30.0,15.0,30.0,10.0,30.0,10.0,5.0,5.0
17:33,30.0,15.0,30.0,10.0,30.0,10.0,5.0,5.0
17:34,30.0,15.0,30.0,10.0,30.0,10.0,5.0,5.0
17:35,30.0,15.0,30.0,10.0,30.0,10.0,5.0,5.0
17:36,30.0,15.0,30.0,10.0,30.0,10.0,5.0,5.0
17:37,30.0,15.0,30.0,10.0,30.0,10.0,5.0,5.0
17:38,35.0,15.0,30.0,10.0,30.0,10.0,5.0,5.0
17:39,35.0,15.0,30.0,5.0,30.0,10.0,5.0,5.0
17:40,40.0,15.0,30.0,5.0,30.0,10.0,5.0,5.0
17:41,40.0,15.0,30.0,5.0,30.0,10.0,5.0,5.0
17:42,40.0,15.0,30.0,5.0,30.0,10.0,5.0,5.0
17:43,40.0,15.0,30.0,5.0,30.0,10.0,5.0,5.0
17:44,40.0,10.0,30.0,5.0,30.0,10.0,5.0,5.0
17:45,40.0,10.0,30.0,5.0,30.0,10.0,5.0,5.0
17:46,40.0,10.0,30.0,5.0,30.0,10.0,5.0,5.0
17:47,40.0,10.0,25.0,5.0,30.0,10.0,5.0,5.0
17:48,40.0,10.0,25.0,5.0,25.0,10.0,5.0,5.0
17:49,40.0,10.0,20.0,5.0,25.0,10.0,5.0,5.0
17:50,40.0,10.0,20.0,5.0,20.0,10.0,5.0,5.0
17:51,40.0,10.0,15.0,5.0,20.0,10.0,5.0,5.0
17:52,40.0,10.0,15.0,5.0,20.0,10.0,5.0,5.0
17:53,45.0,10.0,15.0,5.0,20.0,10.0,5.0,5.0
17:54,45.0,10.0,15.0,5.0,20.0,10.0,5.0,5.0
17:55,50.0,10.0,15.0,5.0,20.0,10.0,5.0,5.0
17:56,50.0,10.0,15.0,5.0,20.0,10.0,5.0,5.0
17:57,50.0,10.0,15.0,5.0,20.0,10.0,5.0,5.0
17:58,50.0,10.0,15.0,5.0,20.0,10.0,5.0,5.0
17:59,50.0,10.0,15.0,5.0,20.0,10.0,10.0,5.0
18:00,50.0,10.0,15.0,5.0,20.0,10.0,10.0,5.0
18:01,50.0,10.0,15.0,5.0,20.0,10.0,10.0,5.0
18:02,50.0,10.0,15.0,5.0,20.0,10.0,10.0,5.0
18:03,50.0,10.0,15.0,5.0,20.0,10.0,10.0,5.0
18:04,50.0,10.0,15.0,5.0,20.0,10.0,10.0,5.0
18:05,50.0,10.0,15.0,5.0,20.0,10.0,10.0,5.0
18:06,50.0,10.0,15.0,5.0,20.0,10.0,10.0,5.0
18:07,50.0,10.0,15.0,5.0,20.0,10.0,10.0,5.0
18:08,50.0,10.0,15.0,5.0,15.0,10.0,10.0,5.0
18:09,50.0,10.0,15.0,5.0,15.0,10.0,10.0,5.0
18:10,50.0,10.0,15.0,5.0,10.0,10.0,10.0,5.0
18:11,50.0,10.0,15.0,5.0,10.0,10.0,10.0,5.0
18:12,50.0,10.0,15.0,5.0,10.0,10.0,10.0,5.0
18:13,50.0,10.0,15.0,5.0,10.0,10.0,10.0,5.0
18:14,50.0,10.0,15.0,5.0,10.0,10.0,10.0,5.0
18:15,50.0,10.0,15.0,5.0,10.0,10.0,10.0,5.0
18:16,50.0,10.0,15.0,5.0,10.0,10.0,10.0,5.0
18:17,50.0,10.0,15.0,5.0,10.0,10.0,10.0,5.0
18:18,50.0,10.0,15.0,5.0,10.0,10.0,10.0,5.0
18:19,50.0,10.0,15.0,5.0,10.0,10.0,10.0,5.0
18:20,50.0,10.0,15.0,5.0,10.0,10.0,10.0,5.0
18:21,50.0,10.0,15.0,5.0,10.0,10.0,10.0,5.0
18:22,50.0,10.0,15.0,5.0,10.0,10.0,10.0,5.0
18:23,50.0,10.0,15.0,5.0,10.0,10.0,10.0,5.0
18:24,50.0,10.0,15.0,5.0,10.0,10.0,5.0,5.0
18:25,50.0,10.0,15.0,5.0,10.0,10.0,5.0,5.0
18:26,50.0,10.0,15.0,5.0,10.0,10.0,5.0,5.0
18:27,50.0,10.0,15.0,5.0,10.0,10.0,5.0,5.0
18:28,50.0,10.0,15.0,5.0,10.0,10.0,5.0,5.0
18:29,50.0,10.0,15.0,5.0,10.0,10.0,5.0,5.0
18:30,50.0,10.0,15.0,5.0,10.0,10.0,5.0,5.0
18:31,50.0,10.0,15.0,5.0,10.0,10.0,5.0,5.0
18:32,50.0,10.0,15.0,5.0,10.0,10.0,5.0,5.0
18:33,50.0,10.0,15.0,5.0,10.0,10.0,5.0,5.0
18:34,50.0,10.0,15.0,5.0,10.0,10.0,5.0,5.0
18:35,50.0,10.0,15.0,5.0,10.0,10.0,5.0,5.0
18:36,50.0,10.0,15.0,5.0,10.0,10.0,5.0,5.0
18:37,50.0,10.0,15.0,5.0,10.0,10.0,5.0,5.0
18:38,50.0,10.0,15.0,5.0,10.0,10.0,5.0,5.0
18:39,50.0,10.0,15.0,5.0,10.0,10.0,5.0,5.0
18:40,50.0,10.0,15.0,5.0,10.0,10.0,5.0,5.0
18:41,50.0,10.0,15.0,5.0,10.0,10.0,5.0,5.0
18:42,50.0,10.0,15.0,5.0,10.0,10.0,5.0,5.0
18:43,50.0,10.0,15.0,5.0,10.0,10.0,5.0,5.0
18:44,50.0,10.0,15.0,5.0,10.0,10.0,5.0,5.0
18:45,50.0,10.0,15.0,5.0,10.0,10.0,5.0,5.0
18:46,50.0,10.0,15.0,5.0,10.0,10.0,5.0,5.0
18:47,50.0,10.0,15.0,5.0,10.0,10.0,5.0,5.0
18:48,50.0,10.0,15.0,5.0,10.0,10.0,5.0,5.0
18:49,50.0,10.0,15.0,5.0,10.0,10.0,5.0,5.0
18:50,50.0,10.0,15.0,5.0,10.0,10.0,5.0,5.0
18:51,50.0,10.0,15.0,5.0,10.0,10.0,5.0,5.0
18:52,50.0,10.0,15.0,5.0,10.0,10.0,5.0,5.0
18:53,50.0,10.0,15.0,5.0,10.0,10.0,5.0,5.0
18:54,50.0,10.0,15.0,5.0,10.0,10.0,5.0,5.0
18:55,50.0,10.0,15.0,5.0,10.0,10.0,5.0,5.0
18:56,50.0,10.0,15.0,5.0,10.0,10.0,5.0,5.0
18:57,50.0,10.0,15.0,5.0,10.0,10.0,5.0,5.0
18:58,50.0,10.0,15.0,5.0,10.0,10.0,5.0,5.0
18:59,50.0,10.0,15.0,5.0,10.0,10.0,5.0,5.0
19:00,50.0,10.0,15.0,5.0,10.0,10.0,5.0,5.0
19:01,50.0,10.0,15.0,5.0,10.0,10.0,5.0,5.0
19:02,50.0,10.0,15.0,5.0,10.0,10.0,5.0,5.0
19:03,50.0,10.0,15.0,5.0,10.0,10.0,5.0,5.0
19:04,50.0,10.0,15.0,5.0,10.0,10.0,5.0,5.0
19:05,50.0,10.0,15.0,5.0,10.0,10.0,5.0,5.0
19:06,50.0,10.0,15.0,5.0,10.0,10.0,5.0,5.0
19:07,50.0,10.0,15.0,5.0,10.0,10.0,5.0,5.0
19:08,50.0,10.0,15.0,5.0,10.0,10.0,5.0,5.0
19:09,50.0,10.0,15.0,5.0,10.0,10.0,5.0,5.0
19:10,50.0,10.0,15.0,5.0,10.0,10.0,5.0,5.0
19:11,50.0,10.0,15.0,5.0,10.0,10.0,5.0,5.0
19:12,50.0,10.0,15.0,5.0,10.0,10.0,5.0,5.0
19:13,50.0,10.0,15.0,5.0,10.0,10.0,5.0,5.0
19:14,50.0,10.0,15.0,5.0,10.0,10.0,5.0,5.0
19:15,50.0,10.0,15.0,5.0,10.0,10.0,5.0,5.0
19:16,50.0,10.0,15.0,5.0,10.0,10.0,5.0,5.0
19:17,50.0,10.0,15.0,5.0,10.0,10.0,5.0,5.0
19:18,50.0,10.0,15.0,5.0,10.0,10.0,5.0,5.0
19:19,50.0,10.0,15.0,5.0,10.0,10.0,5.0,5.0
19:20,50.0,10.0,15.0,5.0,10.0,10.0,5.0,5.0
19:21,50.0,10.0,15.0,5.0,10.0,10.0,5.0,5.0
19:22,50.0,10.0,15.0,5.0,10.0,10.0,5.0,5.0
19:23,50.0,10.0,15.0,5.0,10.0,10.0,5.0,5.0
19:24,50.0,10.0,15.0,5.0,10.0,10.0,5.0,5.0
19:25,50.0,10.0,15.0,5.0,10.0,10.0,5.0,5.0
19:26,50.0,10.0,15.0,5.0,10.0,10.0,5.0,5.0
19:27,50.0,10.0,15.0,5.0,10.0,10.0,5.0,5.0
19:28,50.0,10.0,15.0,5.0,10.0,10.0,5.0,5.0
19:29,50.0,5.0,15.0,5.0,10.0,10.0,5.0,5.0
19:30,50.0,5.0,15.0,5.0,10.0,10.0,5.0,5.0
19:31,50.0,5.0,15.0,5.0,10.0,10.0,5.0,5.0
19:32,50.0,5.0,15.0,5.0,10.0,10.0,5.0,5.0
19:33,50.0,5.0,15.0,5.0,10.0,10.0,5.0,5.0
19:34,50.0,5.0,15.0,5.0,10.0,10.0,5.0,5.0
19:35,50.0,5.0,15.0,5.0,10.0,10.0,5.0,5.0
19:36,50.0,5.0,15.0,5.0,10.0,10.0,5.0,5.0
19:37,50.0,5.0,15.0,5.0,10.0,10.0,5.0,5.0
19:38,50.0,5.0,15.0,5.0,10.0,10.0,5.0,5.0
19:39,50.0,5.0,15.0,5.0,10.0,10.0,5.0,5.0
19:40,50.0,5.0,15.0,5.0,10.0,10.0,5.0,5.0
19:41,50.0,5.0,15.0,5.0,10.0,10.0,5.0,5.0
19:42,50.0,5.0,15.0,5.0,10.0,10.0,5.0,5.0
19:43,50.0,5.0,15.0,5.0,10.0,10.0,5.0,5.0
19:44,50.0,5.0,15.0,5.0,10.0,10.0,5.0,5.0
19:45,50.0,5.0,15.0,5.0,10.0,10.0,5.0,5.0
19:46,50.0,5.0,15.0,5.0,10.0,10.0,5.0,5.0
19:47,50.0,5.0,15.0,5.0,10.0,10.0,5.0,5.0
19:48,50.0,5.0,15.0,5.0,10.0,10.0,5.0,5.0
19:49,50.0,5.0,15.0,5.0,10.0,10.0,5.0,5.0
19:50,50.0,5.0,15.0,5.0,10.0,10.0,5.0,5.0
19:51,50.0,5.0,15.0,5.0,10.0,10.0,5.0,5.0
19:52,50.0,5.0,15.0,5.0,10.0,10.0,5.0,5.0
19:53,50.0,5.0,15.0,5.0,10.0,10.0,5.0,5.0
19:54,50.0,5.0,15.0,5.0,10.0,10.0,5.0,5.0
19:55,50.0,5.0,15.0,5.0,10.0,10.0,5.0,5.0
19:56,50.0,5.0,15.0,5.0,10.0,10.0,5.0,5.0
19:57,50.0,5.0,15.0,5.0,10.0,10.0,5.0,5.0
19:58,50.0,5.0,15.0,5.0,10.0,10.0,5.0,5.0
19:59,50.0,5.0,15.0,5.0,10.0,10.0,5.0,5.0
20:00,50.0,5.0,15.0,5.0,10.0,10.0,5.0,5.0
20:01,50.0,5.0,15.0,5.0,10.0,10.0,5.0,5.0
20:02,50.0,5.0,15.0,5.0,10.0,10.0,5.0,5.0
20:03,50.0,5.0,15.0,5.0,10.0,10.0,5.0,5.0
20:04,50.0,5.0,15.0,5.0,10.0,10.0,5.0,5.0
20:05,50.0,5.0,15.0,5.0,10.0,10.0,5.0,5.0
20:06,50.0,5.0,15.0,5.0,10.0,10.0,5.0,5.0
20:07,50.0,5.0,15.0,5.0,10.0,10.0,5.0,5.0
20:08,50.0,5.0,15.0,5.0,10.0,10.0,5.0,5.0
20:09,50.0,5.0,15.0,5.0,10.0,10.0,5.0,5.0
20:10,50.0,5.0,15.0,5.0,10.0,10.0,5.0,5.0
20:11,50.0,5.0,15.0,5.0,10.0,10.0,5.0,5.0
20:12,50.0,5.0,15.0,5.0,10.0,10.0,5.0,5.0
20:13,50.0,5.0,15.0,5.0,10.0,10.0,5.0,5.0
20:14,50.0,5.0,15.0,5.0,10.0,10.0,5.0,5.0
20:15,50.0,5.0,15.0,5.0,10.0,10.0,5.0,5.0
20:16,50.0,5.0,15.0,5.0,10.0,10.0,5.0,5.0
20:17,50.0,5.0,15.0,5.0,10.0,10.0,5.0,5.0
20:18,50.0,5.0,15.0,5.0,10.0,10.0,5.0,5.0
20:19,50.0,5.0,15.0,5.0,10.0,10.0,5.0,5.0
20:20,50.0,5.0,15.0,5.0,10.0,10.0,5.0,5.0
20:21,50.0,5.0,15.0,5.0,10.0,10.0,5.0,5.0
20:22,50.0,5.0,15.0,5.0,10.0,10.0,5.0,5.0
20:23,50.0,5.0,15.0,5.0,10.0,10.0,5.0,5.0
20:24,50.0,5.0,15.0,5.0,10.0,10.0,5.0,5.0
20:25,50.0,5.0,15.0,5.0,10.0,10.0,5.0,5.0
20:26,50.0,5.0,15.0,5.0,10.0,10.0,5.0,5.0
20:27,50.0,5.0,15.0,5.0,10.0,10.0,5.0,5.0
20:28,50.0,5.0,15.0,5.0,10.0,10.0,5.0,5.0
20:29,50.0,5.0,15.0,5.0,10.0,10.0,5.0,5.0
20:30,50.0,5.0,15.0,5.0,10.0,10.0,5.0,5.0
